run,case_id,status,actual_cost_usd,elapsed_ms,reasoning_tokens,reserved_usd,correct,protected_direct_changed,format_error,checks_passed,checks_total,failure_types
2,C001,RETURNED,0.000663600000,11145.436,851,0.006361000,0,0,0,4,4,字段误归
2,C002,RETURNED,0.000228725000,5016.566,81,0.006355000,1,0,0,3,3,
2,C003,RETURNED,0.000279350000,5488.268,180,0.006368000,1,0,0,3,3,
2,C004,RETURNED,0.000366225000,6466.18,318,0.006382250,1,0,0,3,3,
2,C005,RETURNED,0.000229225000,3731.796,91,0.006346000,1,0,0,3,3,
2,C006,RETURNED,0.000262725000,4335.349,139,0.006315250,1,0,0,2,2,
2,C007,RETURNED,0.000277100000,5597.559,160,0.006338000,1,0,0,3,3,
2,C008,RETURNED,0.000276350000,3511.938,167,0.006365500,1,0,0,3,3,
2,C009,RETURNED,0.000282725000,4709.028,178,0.006419250,1,0,0,3,3,
2,C010,RETURNED,0.000242475000,2954.048,119,0.006348750,1,0,0,2,2,
2,C011,RETURNED,0.000264600000,4365.659,117,0.006358750,1,0,0,4,4,
2,C012,RETURNED,0.000253350000,3321.484,87,0.006448500,1,0,0,4,4,
2,C013,RETURNED,0.000263225000,2723.291,131,0.006424250,1,0,0,4,4,
2,C014,RETURNED,0.000353600000,5525.83,266,0.006355750,1,0,0,2,2,
2,C015,RETURNED,0.000311850000,3978.195,220,0.006376000,1,0,0,9,9,
2,C016,RETURNED,0.000216725000,3828.367,54,0.006352000,1,0,0,4,4,
2,C017,RETURNED,0.000234725000,3205.629,102,0.006371250,1,0,0,4,4,
2,C018,RETURNED,0.000215600000,3540.377,72,0.006338750,1,0,0,3,3,
2,C019,RETURNED,0.000223225000,4367.698,70,0.006373000,1,0,0,3,3,
2,C020,RETURNED,0.000234975000,3082.583,56,0.006379000,1,0,0,4,4,
2,C021,RETURNED,0.000211100000,2714.464,43,0.006328750,1,0,0,3,3,
2,C022,RETURNED,0.000307475000,6506.823,201,0.006435500,1,0,0,11,11,
2,C023,RETURNED,0.000203975000,2858.14,56,0.006244250,1,0,0,2,2,
2,C024,RETURNED,0.000213600000,2474.016,52,0.006370500,1,0,0,3,3,
2,C025,RETURNED,0.000268350000,3434.401,129,0.006360250,0,0,0,3,4,字段误归|漏写
2,C026,RETURNED,0.000334100000,6378.935,233,0.006389250,1,0,0,3,3,
2,C027,RETURNED,0.000214975000,2702.516,65,0.006320750,1,0,0,3,3,
2,C028,RETURNED,0.000209850000,1868.801,27,0.006393000,1,0,0,4,4,
2,C029,RETURNED,0.000239850000,3382.387,95,0.006366750,1,0,0,3,3,
2,C030,RETURNED,0.000232975000,3087.538,66,0.006339000,1,0,0,6,6,
2,C031,RETURNED,0.000252350000,2600.347,74,0.006411000,1,0,0,4,4,
2,C032,RETURNED,0.000221850000,2915.827,61,0.006272500,1,0,0,3,3,
2,C033,RETURNED,0.000245850000,3246.587,59,0.006441250,1,0,0,4,4,
2,C034,RETURNED,0.000224225000,4385.222,60,0.006295250,1,0,0,4,4,
2,C035,RETURNED,0.000280975000,5008.715,135,0.006421250,1,0,0,3,3,
2,C036,RETURNED,0.000229600000,3690.823,44,0.006345750,1,0,0,4,4,
2,C037,RETURNED,0.000261850000,3755.609,99,0.006401250,1,0,0,4,4,
2,C038,RETURNED,0.000258975000,3015.276,83,0.006454250,1,0,0,4,4,
2,C039,RETURNED,0.000265475000,2790.486,100,0.006418250,1,0,0,4,4,
2,C040,RETURNED,0.000263100000,2991.75,102,0.006402500,1,0,0,3,3,
2,C041,RETURNED,0.000227350000,3326.369,85,0.006370500,1,0,0,4,4,
2,C042,RETURNED,0.000219475000,3067.617,84,0.006315750,1,0,0,4,4,
2,C043,RETURNED,0.000235225000,2836.454,92,0.006337000,1,0,0,4,4,
2,C044,RETURNED,0.000279475000,3500.472,171,0.006383000,1,0,0,4,4,
2,C045,RETURNED,0.000237350000,4112.971,105,0.006333750,1,0,0,4,4,
2,C046,RETURNED,0.000213225000,2735.887,56,0.006310500,1,0,0,4,4,
2,C047,RETURNED,0.000245225000,3302.991,125,0.006299250,1,0,0,4,4,
2,C048,RETURNED,0.000218225000,3114.702,56,0.006384500,1,0,0,4,4,
2,C049,RETURNED,0.000259350000,3204.897,158,0.006303750,1,0,0,4,4,
2,C050,RETURNED,0.000225850000,2567.921,94,0.006303250,1,0,0,4,4,
2,C051,RETURNED,0.000273850000,4134.292,186,0.006354500,1,0,0,2,2,
2,C052,RETURNED,0.000234225000,5715.273,117,0.006349750,1,0,0,2,2,
2,C053,RETURNED,0.000344475000,5867.011,307,0.006380500,1,0,0,3,3,
2,C054,RETURNED,0.000319725000,5059.712,267,0.006377750,1,0,0,2,2,
2,C055,RETURNED,0.000392350000,7930.507,432,0.006319000,1,0,0,2,2,
2,C056,RETURNED,0.000340975000,5083.538,329,0.006319000,1,0,0,2,2,
2,C057,RETURNED,0.000314975000,4369.831,241,0.006401750,1,0,0,3,3,
2,C058,RETURNED,0.000266850000,4117.429,187,0.006300250,1,0,0,2,2,
2,C059,RETURNED,0.000294600000,3481.5,200,0.006411000,1,0,0,3,3,
2,C060,RETURNED,0.000288975000,4792.81,229,0.006296750,1,0,0,2,2,
2,C061,RETURNED,0.000266725000,3547.271,187,0.006309250,0,0,0,2,4,旧建议覆盖|限定丢失
2,C062,RETURNED,0.000367475000,5193.373,359,0.006398500,0,0,0,2,4,旧建议覆盖|限定丢失
2,C063,RETURNED,0.000775725000,14599.367,1189,0.006348250,0,0,0,2,4,旧建议覆盖|限定丢失
2,C064,RETURNED,0.000424975000,7982.192,496,0.006332500,0,0,0,1,4,旧建议覆盖|限定丢失
2,C065,RETURNED,0.000301100000,4983.533,255,0.006332000,0,0,0,2,3,字段误归|漏写
2,C066,RETURNED,0.000239350000,2847.334,111,0.006315750,0,0,0,2,3,旧建议覆盖
2,C067,RETURNED,0.000304475000,4883.266,301,0.006318500,0,0,0,3,4,漏写
2,C068,RETURNED,0.000316475000,4489.148,283,0.006341250,0,0,0,1,4,旧建议覆盖|限定丢失
2,C069,RETURNED,0.000428975000,8051.843,516,0.006283250,0,0,0,3,4,字段误归|限定丢失
2,C070,RETURNED,0.000594850000,9711.695,799,0.006401750,0,0,0,2,5,旧建议覆盖|限定丢失
2,C071,RETURNED,0.000357975000,5394.204,403,0.006326750,0,0,0,0,1,建议未撤回
2,C072,RETURNED,0.000300725000,5246.16,291,0.006326000,0,0,0,0,1,建议未撤回
2,C073,RETURNED,0.000704600000,14499.929,1106,0.006311000,0,0,0,0,1,建议未撤回
2,C074,RETURNED,0.000304350000,7579.453,301,0.006304250,0,0,0,0,1,建议未撤回
2,C075,RETURNED,0.000258600000,5269.187,225,0.006240000,0,0,0,0,1,建议未撤回
2,C076,RETURNED,0.000344600000,6288.178,373,0.006339750,0,0,0,0,1,建议未撤回
2,C077,RETURNED,0.000245350000,3309.348,173,0.006346000,0,0,0,0,1,建议未撤回
2,C078,RETURNED,0.000334600000,5741.32,378,0.006256000,0,0,0,0,1,建议未撤回
2,C079,RETURNED,0.000558100000,10085.194,765,0.006323500,0,0,0,0,1,建议未撤回
2,C080,RETURNED,0.000454725000,8717.222,616,0.006264250,0,0,0,0,1,建议未撤回
2,C081,RETURNED,0.000517975000,11471.746,691,0.006259500,1,0,0,3,3,
2,C082,RETURNED,0.000246225000,3230.379,106,0.006386500,0,0,0,0,3,字段误归|漏写
2,C083,RETURNED,0.000304100000,5335.323,232,0.006344000,0,0,0,0,3,字段误归
2,C084,RETURNED,0.000633350000,10066.956,875,0.006403750,1,0,0,4,4,
2,C085,RETURNED,0.000376850000,5810.128,354,0.006428500,1,0,0,3,3,
2,C086,RETURNED,0.000442225000,7786.164,497,0.006374000,1,0,0,9,9,
2,C087,RETURNED,0.000819475000,13466.127,1241,0.006365250,1,0,0,4,4,
2,C088,RETURNED,0.000270725000,4574.833,151,0.006459500,1,0,0,2,2,
2,C089,RETURNED,0.000332600000,5024.532,301,0.006323250,1,0,0,3,3,
2,C090,RETURNED,0.000262475000,4095.288,184,0.006296500,1,0,0,3,3,
2,C091,RETURNED,0.000180975000,2245.477,31,0.006423250,1,0,0,14,14,
2,C092,RETURNED,0.000249475000,2588.636,72,0.006818500,1,0,0,14,14,
2,C093,RETURNED,0.000227725000,2280.979,93,0.006513250,1,0,0,14,14,
2,C094,RETURNED,0.000179350000,2363.333,92,0.006161250,1,0,0,15,15,
2,C095,RETURNED,0.000229850000,2781.022,136,0.006385500,1,0,0,15,15,
2,C096,RETURNED,0.000203475000,1944.476,52,0.006356750,1,0,0,2,2,
2,C097,RETURNED,0.000214350000,2817.47,61,0.006404000,1,0,0,2,2,
2,C098,RETURNED,0.000171975000,2714.744,49,0.006136250,1,0,0,3,3,
2,C099,RETURNED,0.000476475000,7325.489,475,0.006497250,1,0,0,14,14,
2,C100,RETURNED,0.000219100000,2350.003,73,0.006393500,1,0,0,3,3,
3,C001,RETURNED,0.000248680000,5316.375,336,0.006361000,0,0,0,4,4,字段误归
3,C002,RETURNED,0.000116610000,3118.223,110,0.006355000,1,0,0,3,3,
3,C003,RETURNED,0.000136160000,3769.69,147,0.006368000,1,0,0,3,3,
3,C004,RETURNED,0.000249730000,7532.234,302,0.006382250,0,0,0,3,3,字段误归
3,C005,RETURNED,0.000116490000,3208.101,114,0.006346000,1,0,0,3,3,
3,C006,RETURNED,0.000353890000,8363.384,561,0.006315250,1,0,0,2,2,
3,C007,RETURNED,0.000135780000,3847.134,123,0.006338000,1,0,0,3,3,
3,C008,RETURNED,0.000127820000,3592.871,127,0.006365500,1,0,0,3,3,
3,C009,RETURNED,0.000247510000,7843.62,325,0.006419250,1,0,0,3,3,
3,C010,RETURNED,0.000129050000,3476.997,140,0.006348750,1,0,0,2,2,
3,C011,RETURNED,0.000121600000,5089.618,84,0.006358750,1,0,0,4,4,
3,C012,RETURNED,0.000204620000,7010.955,267,0.006448500,1,0,0,4,4,
3,C013,RETURNED,0.000154450000,3489.334,188,0.006424250,1,0,0,4,4,
3,C014,RETURNED,0.000176020000,3565.383,203,0.006355750,1,0,0,2,2,
3,C015,RETURNED,0.000224240000,5216.284,299,0.006376000,1,0,0,9,9,
3,C016,RETURNED,0.000098650000,4451.806,72,0.006352000,1,0,0,4,4,
3,C017,RETURNED,0.000168610000,4392.817,221,0.006371250,1,0,0,4,4,
3,C018,RETURNED,0.000092740000,2203.4,72,0.006338750,1,0,0,3,3,
3,C019,RETURNED,0.000098350000,3225.0,79,0.006373000,1,0,0,3,3,
3,C020,RETURNED,0.000138870000,3613.133,124,0.006379000,1,0,0,4,4,
3,C021,RETURNED,0.000078360000,1785.04,26,0.006328750,1,0,0,3,3,
3,C022,RETURNED,0.000094930000,2499.182,48,0.006435500,1,0,0,11,11,
3,C023,RETURNED,0.000092430000,3085.273,63,0.006244250,1,0,0,2,2,
3,C024,RETURNED,0.000104180000,2319.63,91,0.006370500,1,0,0,3,3,
3,C025,RETURNED,0.000112040000,4121.053,66,0.006360250,0,0,0,3,4,字段误归|漏写
3,C026,RETURNED,0.000140000000,5150.119,124,0.006389250,0,0,0,2,3,字段误归|漏写
3,C027,RETURNED,0.000088230000,2116.071,56,0.006320750,1,0,0,3,3,
3,C028,RETURNED,0.000088980000,2262.313,48,0.006393000,1,0,0,4,4,
3,C029,RETURNED,0.000085660000,3189.55,39,0.006366750,1,0,0,3,3,
3,C030,RETURNED,0.000120350000,2857.648,89,0.006339000,1,0,0,6,6,
3,C031,RETURNED,0.000105080000,3147.061,56,0.006411000,1,0,0,4,4,
3,C032,RETURNED,0.000110200000,3401.642,71,0.006272500,1,0,0,3,3,
3,C033,RETURNED,0.000147540000,3752.62,139,0.006441250,1,0,0,4,4,
3,C034,RETURNED,0.000146390000,5040.309,141,0.006295250,1,0,0,4,4,
3,C035,RETURNED,0.000170310000,5917.672,183,0.006421250,1,0,0,3,3,
3,C036,RETURNED,0.000106300000,3952.312,56,0.006345750,1,0,0,4,4,
3,C037,RETURNED,0.000116680000,3152.52,75,0.006401250,1,0,0,4,4,
3,C038,RETURNED,0.000139010000,3741.608,117,0.006454250,1,0,0,4,4,
3,C039,RETURNED,0.000140890000,2643.994,122,0.006418250,1,0,0,4,4,
3,C040,RETURNED,0.000117740000,3195.586,73,0.006402500,1,0,0,3,3,
3,C041,RETURNED,0.000108240000,2316.038,102,0.006370500,1,0,0,4,4,
3,C042,RETURNED,0.000091370000,2284.879,64,0.006315750,1,0,0,4,4,
3,C043,RETURNED,0.000091110000,2470.608,57,0.006337000,1,0,0,4,4,
3,C044,RETURNED,0.000135370000,3012.736,142,0.006383000,1,0,0,4,4,
3,C045,RETURNED,0.000092880000,3315.561,58,0.006333750,1,0,0,4,4,
3,C046,RETURNED,0.000080670000,3012.129,34,0.006310500,1,0,0,4,4,
3,C047,RETURNED,0.000179890000,3946.447,231,0.006299250,1,0,0,4,4,
3,C048,RETURNED,0.000092930000,2557.67,66,0.006384500,1,0,0,4,4,
3,C049,RETURNED,0.000122940000,2553.751,123,0.006303750,1,0,0,4,4,
3,C050,RETURNED,0.000200780000,5788.038,232,0.006303250,1,0,0,4,4,
3,C051,RETURNED,0.000175660000,5725.763,244,0.006354500,1,0,0,2,2,
3,C052,RETURNED,0.000134370000,6388.888,165,0.006349750,1,0,0,2,2,
3,C053,RETURNED,0.000155450000,4969.626,197,0.006380500,1,0,0,3,3,
3,C054,RETURNED,0.000207890000,4973.168,303,0.006377750,1,0,0,2,2,
3,C055,RETURNED,0.000140140000,3851.672,172,0.006319000,1,0,0,2,2,
3,C056,RETURNED,0.000144690000,3573.564,180,0.006319000,1,0,0,2,2,
3,C057,RETURNED,0.000137650000,4128.257,149,0.006401750,1,0,0,3,3,
3,C058,RETURNED,0.000189440000,4286.763,268,0.006300250,1,0,0,2,2,
3,C059,RETURNED,0.000212240000,5520.647,303,0.006411000,1,0,0,3,3,
3,C060,RETURNED,0.000136530000,3515.591,162,0.006296750,1,0,0,2,2,
3,C061,RETURNED,0.000123010000,2885.268,139,0.006309250,0,0,0,2,4,旧建议覆盖|限定丢失
3,C062,RETURNED,0.000172870000,4986.517,229,0.006398500,0,0,0,2,4,旧建议覆盖|限定丢失
3,C063,RETURNED,0.000301990000,6500.829,495,0.006348250,0,0,0,2,4,旧建议覆盖|限定丢失
3,C064,RETURNED,0.000190890000,5008.54,278,0.006332500,0,0,0,1,4,旧建议覆盖|限定丢失
3,C065,RETURNED,0.000433780000,11545.995,706,0.006332000,0,0,0,2,3,字段误归|漏写
3,C066,RETURNED,0.000129460000,3235.729,141,0.006315750,0,0,0,2,3,旧建议覆盖
3,C067,RETURNED,0.000509690000,11548.52,913,0.006318500,0,0,0,2,4,旧建议覆盖|限定丢失
3,C068,RETURNED,0.000189150000,4677.132,272,0.006341250,0,0,0,1,4,旧建议覆盖|限定丢失
3,C069,RETURNED,0.000415250000,9709.89,728,0.006283250,0,0,0,3,4,字段误归|限定丢失
3,C070,RETURNED,0.000392100000,8275.518,652,0.006401750,0,0,0,3,5,字段误归|漏写
3,C071,RETURNED,0.000267850000,6115.999,435,0.006326750,0,0,0,0,1,建议未撤回
3,C072,RETURNED,0.000194250000,6027.121,323,0.006326000,0,0,0,0,1,建议未撤回
3,C073,RETURNED,0.000376460000,9098.95,636,0.006311000,0,0,0,0,1,建议未撤回
3,C074,RETURNED,0.000199140000,4768.913,333,0.006304250,0,0,0,0,1,建议未撤回
3,C075,RETURNED,0.000231020000,5909.0,398,0.006240000,0,0,0,0,1,建议未撤回
3,C076,RETURNED,0.000129480000,3409.822,193,0.006339750,0,0,0,0,1,建议未撤回
3,C077,RETURNED,0.000225040000,4772.738,320,0.006346000,0,0,0,0,1,建议未撤回
3,C078,RETURNED,0.000175980000,4020.16,288,0.006256000,0,0,0,0,1,建议未撤回
3,C079,RETURNED,0.000227660000,5097.348,346,0.006323500,0,0,0,0,1,建议未撤回
3,C080,RETURNED,0.000338570000,7903.42,613,0.006264250,0,0,0,0,1,建议未撤回
3,C081,RETURNED,0.000433390000,8961.078,746,0.006259500,1,0,0,3,3,
3,C082,RETURNED,0.000119890000,3830.708,121,0.006386500,0,0,0,0,3,字段误归|漏写
3,C083,RETURNED,0.000176240000,5939.116,288,0.006344000,0,0,0,0,3,漏写
3,C084,RETURNED,0.000532060000,12431.133,997,0.006403750,0,0,0,0,4,漏写
3,C085,RETURNED,0.000227880000,5694.828,315,0.006428500,1,0,0,3,3,
3,C086,RETURNED,0.000275770000,6166.571,422,0.006374000,1,0,0,9,9,
3,C087,RETURNED,0.000672510000,15330.966,1218,0.006365250,1,0,0,4,4,
3,C088,RETURNED,0.000157270000,3519.567,205,0.006459500,1,0,0,2,2,
3,C089,RETURNED,0.000176860000,4241.651,237,0.006323250,1,0,0,3,3,
3,C090,RETURNED,0.000130450000,3821.925,158,0.006296500,1,0,0,3,3,
3,C091,RETURNED,0.000058610000,3479.804,51,0.006423250,1,0,0,14,14,
3,C092,RETURNED,0.000060950000,3838.18,48,0.006818500,1,0,0,14,14,
3,C093,RETURNED,0.000061370000,1760.369,54,0.006513250,1,0,0,14,14,
3,C094,RETURNED,0.000046540000,2605.593,32,0.006161250,1,0,0,15,15,
3,C095,RETURNED,0.000124740000,5076.421,182,0.006385500,1,0,0,15,15,
3,C096,RETURNED,0.000074090000,3083.399,46,0.006356750,1,0,0,2,2,
3,C097,RETURNED,0.000096060000,3126.877,88,0.006404000,1,0,0,2,2,
3,C098,RETURNED,0.000067070000,2094.23,31,0.006136250,1,0,0,3,3,
3,C099,RETURNED,0.000060190000,2384.707,52,0.006497250,1,0,0,14,14,
3,C100,RETURNED,0.000086300000,2436.843,65,0.006393500,1,0,0,3,3,
