role,run,case_id,status,actual_cost_usd,elapsed_ms,reasoning_tokens,reserved_usd,correct,protected_direct_changed,format_error,checks_passed,checks_total,failure_types
mentor,0,C001,RETURNED,0.041614000000,7564.184,0,0.204487500,,,,,,
mentor,0,C002,RETURNED,0.010609600000,5382.521,0,0.204510000,,,,,,
mentor,0,C003,RETURNED,0.010539600000,5845.254,0,0.204487500,,,,,,
mentor,0,C004,RETURNED,0.010843600000,5769.258,0,0.204547500,,,,,,
mentor,0,C005,RETURNED,0.010417600000,5504.507,0,0.204487500,,,,,,
mentor,0,C006,RETURNED,0.009847600000,4886.274,0,0.204435000,,,,,,
mentor,0,C007,RETURNED,0.010255600000,4666.045,0,0.204450000,,,,,,
mentor,0,C008,RETURNED,0.010823600000,6284.5,0,0.204487500,,,,,,
mentor,0,C009,RETURNED,0.011283600000,9538.178,0,0.204495000,,,,,,
mentor,0,C010,RETURNED,0.010421600000,5304.886,0,0.204480000,,,,,,
mentor,0,C011,RETURNED,0.010447600000,5231.826,0,0.204517500,,,,,,
mentor,0,C012,RETURNED,0.011601600000,6571.888,0,0.204592500,,,,,,
mentor,0,C013,RETURNED,0.011461600000,5714.558,0,0.204935000,,,,,,
mentor,0,C014,RETURNED,0.010673600000,4818.72,0,0.204457500,,,,,,
mentor,0,C015,RETURNED,0.010781600000,5682.991,0,0.204427500,,,,,,
mentor,0,C016,RETURNED,0.010439600000,4235.266,0,0.204457500,,,,,,
mentor,0,C017,RETURNED,0.010659600000,4605.132,0,0.204442500,,,,,,
mentor,0,C018,RETURNED,0.010207600000,4401.374,0,0.204427500,,,,,,
mentor,0,C019,RETURNED,0.011033600000,4842.018,0,0.204435000,,,,,,
mentor,0,C020,RETURNED,0.010925600000,4978.444,0,0.204442500,,,,,,
mentor,0,C021,RETURNED,0.010287600000,4667.162,0,0.204517500,,,,,,
mentor,0,C022,RETURNED,0.011357600000,6182.989,0,0.204585000,,,,,,
mentor,0,C023,RETURNED,0.008951600000,3763.547,0,0.204487500,,,,,,
mentor,0,C024,RETURNED,0.010661600000,5341.09,0,0.204442500,,,,,,
mentor,0,C025,RETURNED,0.010533600000,4758.514,0,0.204480000,,,,,,
mentor,0,C026,RETURNED,0.010919600000,5250.099,0,0.204525000,,,,,,
mentor,0,C027,RETURNED,0.011803600000,5894.212,171,0.204472500,,,,,,
mentor,0,C028,RETURNED,0.011041600000,5256.136,0,0.204517500,,,,,,
mentor,0,C029,RETURNED,0.010561600000,4625.35,0,0.204517500,,,,,,
mentor,0,C030,RETURNED,0.010277600000,4273.143,0,0.204462500,,,,,,
mentor,0,C031,RETURNED,0.011437600000,5755.354,0,0.204480000,,,,,,
mentor,0,C032,RETURNED,0.009265600000,7766.514,0,0.204480000,,,,,,
mentor,0,C033,RETURNED,0.011545600000,6869.621,0,0.204502500,,,,,,
mentor,0,C034,RETURNED,0.009477600000,4352.466,0,0.204450000,,,,,,
mentor,0,C035,RETURNED,0.011301600000,6272.457,0,0.204525000,,,,,,
mentor,0,C036,RETURNED,0.010437600000,4517.384,0,0.204495000,,,,,,
mentor,0,C037,RETURNED,0.012709600000,7110.56,164,0.204532500,,,,,,
mentor,0,C038,RETURNED,0.011837600000,6064.899,0,0.204562500,,,,,,
mentor,0,C039,RETURNED,0.011251600000,5575.613,0,0.204510000,,,,,,
mentor,0,C040,RETURNED,0.011223600000,5821.018,0,0.204547500,,,,,,
mentor,0,C041,RETURNED,0.010783600000,4477.373,0,0.204870000,,,,,,
mentor,0,C042,RETURNED,0.009823600000,4339.246,0,0.204965000,,,,,,
mentor,0,C043,RETURNED,0.010391600000,4607.524,0,0.204882500,,,,,,
mentor,0,C044,RETURNED,0.010785600000,5328.636,0,0.204955000,,,,,,
mentor,0,C045,RETURNED,0.010127600000,4104.565,0,0.204977500,,,,,,
mentor,0,C046,RETURNED,0.009903600000,4828.037,0,0.204997500,,,,,,
mentor,0,C047,RETURNED,0.009459600000,4259.151,0,0.205042500,,,,,,
mentor,0,C048,RETURNED,0.010883600000,4541.091,0,0.204915000,,,,,,
mentor,0,C049,RETURNED,0.009761600000,4879.768,0,0.204957500,,,,,,
mentor,0,C050,RETURNED,0.009661600000,4536.349,0,0.204977500,,,,,,
mentor,0,C051,RETURNED,0.010895600000,4844.973,0,0.205960000,,,,,,
mentor,0,C052,RETURNED,0.010769600000,5264.259,0,0.205907500,,,,,,
mentor,0,C053,RETURNED,0.011195600000,6489.912,0,0.205990000,,,,,,
mentor,0,C054,RETURNED,0.011393600000,5379.307,0,0.205945000,,,,,,
mentor,0,C055,RETURNED,0.010345600000,6961.974,0,0.205950000,,,,,,
mentor,0,C056,RETURNED,0.010359600000,3946.842,0,0.205997500,,,,,,
mentor,0,C057,RETURNED,0.011405600000,5739.053,0,0.206107500,,,,,,
mentor,0,C058,RETURNED,0.010151600000,5312.969,0,0.205907500,,,,,,
mentor,0,C059,RETURNED,0.011713600000,5295.732,0,0.205990000,,,,,,
mentor,0,C060,RETURNED,0.010165600000,4888.199,0,0.205997500,,,,,,
mentor,0,C061,RETURNED,0.010261600000,4227.335,0,0.205885000,,,,,,
mentor,0,C062,RETURNED,0.011443600000,5992.296,0,0.205952500,,,,,,
mentor,0,C063,RETURNED,0.010845600000,5459.113,0,0.205900000,,,,,,
mentor,0,C064,RETURNED,0.010809600000,4866.539,0,0.205882500,,,,,,
mentor,0,C065,RETURNED,0.010579600000,4986.148,0,0.205892500,,,,,,
mentor,0,C066,RETURNED,0.010495600000,4251.361,0,0.205975000,,,,,,
mentor,0,C067,RETURNED,0.010475600000,3920.384,0,0.205922500,,,,,,
mentor,0,C068,RETURNED,0.010663600000,5548.714,0,0.205900000,,,,,,
mentor,0,C069,RETURNED,0.009865600000,5254.714,0,0.205915000,,,,,,
mentor,0,C070,RETURNED,0.011535600000,5165.988,0,0.205967500,,,,,,
mentor,0,C071,RETURNED,0.010499600000,3823.432,0,0.205952500,,,,,,
mentor,0,C072,RETURNED,0.010391600000,4624.792,0,0.205952500,,,,,,
mentor,0,C073,RETURNED,0.010207600000,5728.35,0,0.205990000,,,,,,
mentor,0,C074,RETURNED,0.010249600000,5423.25,0,0.205907500,,,,,,
mentor,0,C075,RETURNED,0.009371600000,4082.957,0,0.205895000,,,,,,
mentor,0,C076,RETURNED,0.010739600000,4796.18,0,0.205960000,,,,,,
mentor,0,C077,RETURNED,0.010745600000,4141.827,0,0.206005000,,,,,,
mentor,0,C078,RETURNED,0.009449600000,4220.906,0,0.205945000,,,,,,
mentor,0,C079,RETURNED,0.010495600000,4477.743,0,0.205967500,,,,,,
mentor,0,C080,RETURNED,0.009581600000,3776.981,0,0.206027500,,,,,,
mentor,0,C081,RETURNED,0.008683600000,3524.025,0,0.204712500,,,,,,
mentor,0,C082,RETURNED,0.010667600000,4492.426,0,0.204587500,,,,,,
mentor,0,C083,RETURNED,0.009825600000,6517.835,0,0.204802500,,,,,,
mentor,0,C084,RETURNED,0.010919600000,5200.307,0,0.204630000,,,,,,
mentor,0,C085,RETURNED,0.011279600000,5795.645,0,0.204690000,,,,,,
mentor,0,C086,RETURNED,0.010453600000,5095.756,0,0.204675000,,,,,,
mentor,0,C087,RETURNED,0.010161600000,4906.165,0,0.204810000,,,,,,
mentor,0,C088,RETURNED,0.060695500000,7093.778,0,0.249115000,,,,,,
mentor,0,C089,RETURNED,0.064159500000,6284.106,0,0.263470000,,,,,,
mentor,0,C090,RETURNED,0.011927000000,5473.033,0,0.263485000,,,,,,
mentor,0,C091,RETURNED,0.011439600000,6276.621,0,0.204472500,,,,,,
mentor,0,C092,RETURNED,0.015159600000,7717.809,336,0.204465000,,,,,,
mentor,0,C093,RETURNED,0.012649600000,7297.01,0,0.204480000,,,,,,
mentor,0,C094,RETURNED,0.007775600000,2249.841,0,0.204382500,,,,,,
mentor,0,C095,RETURNED,0.010691600000,5590.554,0,0.204540000,,,,,,
mentor,0,C096,RETURNED,0.010385600000,3640.341,0,0.204562500,,,,,,
mentor,0,C097,RETURNED,0.011023600000,5130.137,0,0.204532500,,,,,,
mentor,0,C098,RETURNED,0.007167600000,2414.389,0,0.204592500,,,,,,
mentor,0,C099,RETURNED,0.012643600000,7721.221,0,0.204465000,,,,,,
mentor,0,C100,RETURNED,0.010905600000,5033.846,0,0.204577500,,,,,,
organizer,1,C001,RETURNED,0.000458300000,7391.213,229,0.006361000,0,0,0,4,4,字段误归
organizer,1,C002,RETURNED,0.000232225000,4415.756,88,0.006355000,1,0,0,3,3,
organizer,1,C003,RETURNED,0.000260350000,6403.316,140,0.006368000,1,0,0,3,3,
organizer,1,C004,RETURNED,0.000316725000,7215.118,220,0.006382250,1,0,0,3,3,
organizer,1,C005,RETURNED,0.000312225000,6034.266,168,0.006346000,1,0,0,3,3,
organizer,1,C006,RETURNED,0.000287225000,4410.096,192,0.006315250,1,0,0,2,2,
organizer,1,C007,RETURNED,0.000248600000,3459.641,102,0.006338000,1,0,0,3,3,
organizer,1,C008,RETURNED,0.000247350000,3957.234,109,0.006365500,1,0,0,3,3,
organizer,1,C009,RETURNED,0.000306225000,4849.678,180,0.006419250,1,0,0,3,3,
organizer,1,C010,RETURNED,0.000243475000,4117.086,110,0.006348750,1,0,0,2,2,
organizer,1,C011,RETURNED,0.000279100000,4170.177,146,0.006358750,1,0,0,4,4,
organizer,1,C012,RETURNED,0.000354850000,6332.17,293,0.006448500,1,0,0,4,4,
organizer,1,C013,RETURNED,0.000254725000,4449.562,110,0.006424250,1,0,0,4,4,
organizer,1,C014,RETURNED,0.000308600000,6317.647,216,0.006355750,1,0,0,2,2,
organizer,1,C015,RETURNED,0.000310350000,7377.784,217,0.006376000,1,0,0,9,9,
organizer,1,C016,RETURNED,0.000220225000,5610.077,60,0.006352000,1,0,0,4,4,
organizer,1,C017,RETURNED,0.000289225000,4601.998,209,0.006371250,1,0,0,4,4,
organizer,1,C018,RETURNED,0.000204600000,3134.634,51,0.006338750,1,0,0,3,3,
organizer,1,C019,RETURNED,0.000219225000,3866.378,62,0.006373000,1,0,0,3,3,
organizer,1,C020,RETURNED,0.000246475000,3117.422,79,0.006379000,1,0,0,4,4,
organizer,1,C021,RETURNED,0.000229600000,2501.5,80,0.006328750,1,0,0,3,3,
organizer,1,C022,RETURNED,0.000248475000,3478.515,84,0.006435500,1,0,0,11,11,
organizer,1,C023,RETURNED,0.000193975000,3620.962,40,0.006244250,1,0,0,2,2,
organizer,1,C024,RETURNED,0.000198600000,2431.637,22,0.006370500,1,0,0,3,3,
organizer,1,C025,RETURNED,0.000279850000,3937.903,151,0.006360250,0,0,0,3,4,字段误归|漏写
organizer,1,C026,RETURNED,0.000215100000,2867.128,46,0.006389250,1,0,0,3,3,
organizer,1,C027,RETURNED,0.000195475000,2964.485,25,0.006320750,1,0,0,3,3,
organizer,1,C028,RETURNED,0.000224350000,3192.639,56,0.006393000,1,0,0,4,4,
organizer,1,C029,RETURNED,0.000230850000,3826.872,75,0.006366750,1,0,0,3,3,
organizer,1,C030,RETURNED,0.000231475000,4404.406,66,0.006339000,1,0,0,6,6,
organizer,1,C031,RETURNED,0.000243850000,4719.0,57,0.006411000,1,0,0,4,4,
organizer,1,C032,RETURNED,0.000241350000,3742.878,100,0.006272500,1,0,0,3,3,
organizer,1,C033,RETURNED,0.000274350000,4256.117,116,0.006441250,1,0,0,4,4,
organizer,1,C034,RETURNED,0.000250725000,4258.074,114,0.006295250,1,0,0,4,4,
organizer,1,C035,RETURNED,0.000293975000,4336.237,161,0.006421250,1,0,0,3,3,
organizer,1,C036,RETURNED,0.000240100000,4359.473,65,0.006345750,1,0,0,4,4,
organizer,1,C037,RETURNED,0.000239850000,4744.893,56,0.006401250,1,0,0,4,4,
organizer,1,C038,RETURNED,0.000251975000,3382.775,68,0.006454250,1,0,0,4,4,
organizer,1,C039,RETURNED,0.000276975000,4106.001,124,0.006418250,1,0,0,4,4,
organizer,1,C040,RETURNED,0.000261100000,3057.567,94,0.006402500,1,0,0,3,3,
organizer,1,C041,RETURNED,0.000218850000,5632.585,67,0.006370500,1,0,0,4,4,
organizer,1,C042,RETURNED,0.000241975000,3384.909,129,0.006315750,1,0,0,4,4,
organizer,1,C043,RETURNED,0.000208725000,4165.377,39,0.006337000,1,0,0,4,4,
organizer,1,C044,RETURNED,0.000284975000,6968.73,182,0.006383000,1,0,0,4,4,
organizer,1,C045,RETURNED,0.000234350000,5842.888,97,0.006333750,1,0,0,4,4,
organizer,1,C046,RETURNED,0.000208725000,3787.864,47,0.006310500,1,0,0,4,4,
organizer,1,C047,RETURNED,0.000288225000,4724.348,207,0.006299250,1,0,0,4,4,
organizer,1,C048,RETURNED,0.000223225000,4509.001,66,0.006384500,1,0,0,4,4,
organizer,1,C049,RETURNED,0.000237850000,3946.726,115,0.006303750,1,0,0,4,4,
organizer,1,C050,RETURNED,0.000208850000,3347.533,60,0.006303250,1,0,0,4,4,
organizer,1,C051,RETURNED,0.000313850000,5750.839,266,0.006354500,1,0,0,2,2,
organizer,1,C052,RETURNED,0.000251725000,4112.395,152,0.006349750,1,0,0,2,2,
organizer,1,C053,RETURNED,0.000573975000,11078.583,771,0.006380500,1,0,0,3,3,
organizer,1,C054,RETURNED,0.000326725000,6533.347,282,0.006377750,1,0,0,2,2,
organizer,1,C055,RETURNED,0.000288350000,6483.976,226,0.006319000,1,0,0,2,2,
organizer,1,C056,RETURNED,0.000287975000,4672.812,223,0.006319000,1,0,0,2,2,
organizer,1,C057,RETURNED,0.000252975000,3321.384,116,0.006401750,1,0,0,3,3,
organizer,1,C058,RETURNED,0.000295850000,4907.497,246,0.006300250,1,0,0,2,2,
organizer,1,C059,RETURNED,0.000263100000,3382.16,137,0.006411000,1,0,0,3,3,
organizer,1,C060,RETURNED,0.000354975000,6527.566,353,0.006296750,1,0,0,2,2,
organizer,1,C061,RETURNED,0.000272725000,3996.293,199,0.006309250,0,0,0,2,4,旧建议覆盖|限定丢失
organizer,1,C062,RETURNED,0.000333475000,5189.65,291,0.006398500,0,0,0,2,4,旧建议覆盖|限定丢失
organizer,1,C063,RETURNED,0.000567725000,11446.367,776,0.006348250,0,0,0,2,4,旧建议覆盖|限定丢失
organizer,1,C064,RETURNED,0.000509475000,9206.069,666,0.006332500,0,0,0,1,4,旧建议覆盖|限定丢失
organizer,1,C065,RETURNED,0.000623600000,14202.643,842,0.006332000,0,0,0,2,3,漏写
organizer,1,C066,RETURNED,0.000293850000,5836.63,220,0.006315750,0,0,0,2,3,旧建议覆盖|漏写
organizer,1,C067,RETURNED,0.000460475000,9779.234,566,0.006318500,0,0,0,2,4,旧建议覆盖|限定丢失
organizer,1,C068,RETURNED,0.000279475000,5072.104,210,0.006341250,0,0,0,1,4,旧建议覆盖|限定丢失
organizer,1,C069,RETURNED,0.000599975000,13395.294,865,0.006283250,0,0,0,3,4,字段误归|漏写
organizer,1,C070,RETURNED,0.000745350000,15644.588,1093,0.006401750,0,0,0,3,5,漏写|限定丢失
organizer,1,C071,RETURNED,0.000255975000,7484.247,199,0.006326750,0,0,0,0,1,建议未撤回
organizer,1,C072,RETURNED,0.000307225000,8950.951,304,0.006326000,0,0,0,0,1,建议未撤回
organizer,1,C073,RETURNED,0.000686100000,15267.759,1018,0.006311000,0,0,0,0,1,建议未撤回
organizer,1,C074,RETURNED,0.000258850000,5868.078,210,0.006304250,0,0,0,0,1,建议未撤回
organizer,1,C075,RETURNED,0.000501600000,10966.421,663,0.006240000,0,0,0,0,1,建议未撤回
organizer,1,C076,RETURNED,0.000434100000,11717.057,552,0.006339750,0,0,0,0,1,建议未撤回
organizer,1,C077,RETURNED,0.000379350000,9052.533,381,0.006346000,0,0,0,0,1,建议未撤回|请求入值
organizer,1,C078,RETURNED,0.000298100000,6838.646,305,0.006256000,0,0,0,0,1,建议未撤回
organizer,1,C079,RETURNED,0.000382100000,8021.598,411,0.006323500,0,0,0,0,1,建议未撤回
organizer,1,C080,RETURNED,0.000277725000,5761.699,262,0.006264250,0,0,0,0,1,建议未撤回
organizer,1,C081,RETURNED,0.000449975000,10264.356,554,0.006259500,1,0,0,3,3,
organizer,1,C082,RETURNED,0.000246725000,4160.261,107,0.006386500,0,0,0,0,3,字段误归|漏写
organizer,1,C083,RETURNED,0.000746100000,18071.315,1119,0.006344000,0,0,0,2,3,漏写
organizer,1,C084,RETURNED,0.000613350000,14794.846,807,0.006403750,0,0,0,0,4,字段误归|漏写
organizer,1,C085,RETURNED,0.000589850000,12636.096,842,0.006428500,0,0,0,0,3,漏写
organizer,1,C086,RETURNED,0.000539225000,11762.247,691,0.006374000,1,0,0,9,9,
organizer,1,C087,RETURNED,0.000317475000,6344.01,251,0.006365250,1,0,0,4,4,
organizer,1,C088,RETURNED,0.000292725000,4570.907,196,0.006459500,1,0,0,2,2,
organizer,1,C089,RETURNED,0.000410100000,8019.083,454,0.006323250,0,0,0,2,3,限定丢失
organizer,1,C090,RETURNED,0.000248475000,5528.289,156,0.006296500,1,0,0,3,3,
organizer,1,C091,RETURNED,0.000180475000,5941.104,30,0.006423250,1,0,0,14,14,
organizer,1,C092,RETURNED,0.000277975000,7901.416,129,0.006818500,1,0,0,14,14,
organizer,1,C093,RETURNED,0.000204725000,2195.976,47,0.006513250,1,0,0,14,14,
organizer,1,C094,RETURNED,0.000147850000,3195.185,29,0.006161250,1,0,0,15,15,
organizer,1,C095,RETURNED,0.000223350000,4471.795,123,0.006385500,1,0,0,15,15,
organizer,1,C096,RETURNED,0.000215475000,3664.986,76,0.006356750,1,0,0,2,2,
organizer,1,C097,RETURNED,0.000212850000,2361.941,57,0.006404000,1,0,0,2,2,
organizer,1,C098,RETURNED,0.000173975000,2444.379,50,0.006136250,1,0,0,3,3,
organizer,1,C099,RETURNED,0.000576475000,14080.849,662,0.006497250,1,0,0,14,14,
organizer,1,C100,RETURNED,0.000241600000,3508.289,118,0.006393500,1,0,0,3,3,
organizer,2,C001,RETURNED,0.000194180000,6418.488,222,0.006361000,0,0,0,4,4,字段误归
organizer,2,C002,RETURNED,0.000101110000,5667.07,79,0.006355000,1,0,0,3,3,
organizer,2,C003,RETURNED,0.000100660000,5241.706,77,0.006368000,1,0,0,3,3,
organizer,2,C004,RETURNED,0.000332730000,9983.7,464,0.006382250,1,0,0,3,3,
organizer,2,C005,RETURNED,0.000089490000,3215.636,62,0.006346000,1,0,0,3,3,
organizer,2,C006,RETURNED,0.000179890000,5102.038,208,0.006315250,1,0,0,2,2,
organizer,2,C007,RETURNED,0.000116280000,4549.238,81,0.006338000,1,0,0,3,3,
organizer,2,C008,RETURNED,0.000187320000,5524.659,247,0.006365500,1,0,0,3,3,
organizer,2,C009,RETURNED,0.000233010000,6232.97,305,0.006419250,1,0,0,3,3,
organizer,2,C010,RETURNED,0.000112050000,4603.878,100,0.006348750,1,0,0,2,2,
organizer,2,C011,RETURNED,0.000139600000,5649.442,120,0.006358750,1,0,0,4,4,
organizer,2,C012,RETURNED,0.000315120000,12183.86,490,0.006448500,1,0,0,4,4,
organizer,2,C013,RETURNED,0.000117950000,3883.997,115,0.006424250,1,0,0,4,4,
organizer,2,C014,RETURNED,0.000246520000,8456.331,301,0.006355750,0,0,0,2,2,其他
organizer,2,C015,RETURNED,0.000182740000,5737.697,218,0.006376000,1,0,0,9,9,
organizer,2,C016,RETURNED,0.000111650000,3307.454,98,0.006352000,1,0,0,4,4,
organizer,2,C017,RETURNED,0.000120110000,5228.503,124,0.006371250,1,0,0,4,4,
organizer,2,C018,RETURNED,0.000102740000,3148.647,93,0.006338750,1,0,0,3,3,
organizer,2,C019,RETURNED,0.000079850000,3692.946,42,0.006373000,1,0,0,3,3,
organizer,2,C020,RETURNED,0.000135370000,3345.139,116,0.006379000,1,0,0,4,4,
organizer,2,C021,RETURNED,0.000086860000,2849.996,42,0.006328750,1,0,0,3,3,
organizer,2,C022,RETURNED,0.000095930000,3524.578,50,0.006435500,1,0,0,11,11,
organizer,2,C023,RETURNED,0.000096430000,4855.985,68,0.006244250,1,0,0,2,2,
organizer,2,C024,RETURNED,0.000092680000,7426.492,69,0.006370500,1,0,0,3,3,
organizer,2,C025,RETURNED,0.000141540000,6972.923,127,0.006360250,0,0,0,2,4,字段误归|漏写
organizer,2,C026,RETURNED,0.000079500000,3985.74,34,0.006389250,1,0,0,3,3,
organizer,2,C027,RETURNED,0.000088230000,2490.883,56,0.006320750,1,0,0,3,3,
organizer,2,C028,RETURNED,0.000096980000,3625.08,60,0.006393000,1,0,0,4,4,
organizer,2,C029,RETURNED,0.000087160000,3571.974,42,0.006366750,1,0,0,3,3,
organizer,2,C030,RETURNED,0.000112850000,4416.175,73,0.006339000,1,0,0,6,6,
organizer,2,C031,RETURNED,0.000116080000,3866.931,78,0.006411000,1,0,0,4,4,
organizer,2,C032,RETURNED,0.000135200000,3854.785,120,0.006272500,1,0,0,3,3,
organizer,2,C033,RETURNED,0.000110540000,3827.034,63,0.006441250,1,0,0,4,4,
organizer,2,C034,RETURNED,0.000107890000,5648.08,64,0.006295250,1,0,0,4,4,
organizer,2,C035,RETURNED,0.000121310000,4241.326,84,0.006421250,1,0,0,3,3,
organizer,2,C036,RETURNED,0.000106300000,4880.408,55,0.006345750,1,0,0,4,4,
organizer,2,C037,RETURNED,0.000112180000,6671.459,67,0.006401250,1,0,0,4,4,
organizer,2,C038,RETURNED,0.000117010000,5846.983,73,0.006454250,1,0,0,4,4,
organizer,2,C039,RETURNED,0.000156890000,4643.042,155,0.006418250,1,0,0,4,4,
organizer,2,C040,RETURNED,0.000123740000,4140.446,87,0.006402500,1,0,0,3,3,
organizer,2,C041,RETURNED,0.000094740000,4792.595,76,0.006370500,1,0,0,4,4,
organizer,2,C042,RETURNED,0.000173370000,5261.864,228,0.006315750,1,0,0,4,4,
organizer,2,C043,UNKNOWN,,,,0.006337000,,,,,,
organizer,2,C044,NOT_RUN,,,,,,,,,,
organizer,2,C045,NOT_RUN,,,,,,,,,,
organizer,2,C046,NOT_RUN,,,,,,,,,,
organizer,2,C047,NOT_RUN,,,,,,,,,,
organizer,2,C048,NOT_RUN,,,,,,,,,,
organizer,2,C049,NOT_RUN,,,,,,,,,,
organizer,2,C050,NOT_RUN,,,,,,,,,,
organizer,2,C051,NOT_RUN,,,,,,,,,,
organizer,2,C052,NOT_RUN,,,,,,,,,,
organizer,2,C053,NOT_RUN,,,,,,,,,,
organizer,2,C054,NOT_RUN,,,,,,,,,,
organizer,2,C055,NOT_RUN,,,,,,,,,,
organizer,2,C056,NOT_RUN,,,,,,,,,,
organizer,2,C057,NOT_RUN,,,,,,,,,,
organizer,2,C058,NOT_RUN,,,,,,,,,,
organizer,2,C059,NOT_RUN,,,,,,,,,,
organizer,2,C060,NOT_RUN,,,,,,,,,,
organizer,2,C061,NOT_RUN,,,,,,,,,,
organizer,2,C062,NOT_RUN,,,,,,,,,,
organizer,2,C063,NOT_RUN,,,,,,,,,,
organizer,2,C064,NOT_RUN,,,,,,,,,,
organizer,2,C065,NOT_RUN,,,,,,,,,,
organizer,2,C066,NOT_RUN,,,,,,,,,,
organizer,2,C067,NOT_RUN,,,,,,,,,,
organizer,2,C068,NOT_RUN,,,,,,,,,,
organizer,2,C069,NOT_RUN,,,,,,,,,,
organizer,2,C070,NOT_RUN,,,,,,,,,,
organizer,2,C071,NOT_RUN,,,,,,,,,,
organizer,2,C072,NOT_RUN,,,,,,,,,,
organizer,2,C073,NOT_RUN,,,,,,,,,,
organizer,2,C074,NOT_RUN,,,,,,,,,,
organizer,2,C075,NOT_RUN,,,,,,,,,,
organizer,2,C076,NOT_RUN,,,,,,,,,,
organizer,2,C077,NOT_RUN,,,,,,,,,,
organizer,2,C078,NOT_RUN,,,,,,,,,,
organizer,2,C079,NOT_RUN,,,,,,,,,,
organizer,2,C080,NOT_RUN,,,,,,,,,,
organizer,2,C081,NOT_RUN,,,,,,,,,,
organizer,2,C082,NOT_RUN,,,,,,,,,,
organizer,2,C083,NOT_RUN,,,,,,,,,,
organizer,2,C084,NOT_RUN,,,,,,,,,,
organizer,2,C085,NOT_RUN,,,,,,,,,,
organizer,2,C086,NOT_RUN,,,,,,,,,,
organizer,2,C087,NOT_RUN,,,,,,,,,,
organizer,2,C088,NOT_RUN,,,,,,,,,,
organizer,2,C089,NOT_RUN,,,,,,,,,,
organizer,2,C090,NOT_RUN,,,,,,,,,,
organizer,2,C091,NOT_RUN,,,,,,,,,,
organizer,2,C092,NOT_RUN,,,,,,,,,,
organizer,2,C093,NOT_RUN,,,,,,,,,,
organizer,2,C094,NOT_RUN,,,,,,,,,,
organizer,2,C095,NOT_RUN,,,,,,,,,,
organizer,2,C096,NOT_RUN,,,,,,,,,,
organizer,2,C097,NOT_RUN,,,,,,,,,,
organizer,2,C098,NOT_RUN,,,,,,,,,,
organizer,2,C099,NOT_RUN,,,,,,,,,,
organizer,2,C100,NOT_RUN,,,,,,,,,,
organizer,3,C001,NOT_RUN,,,,,,,,,,
organizer,3,C002,NOT_RUN,,,,,,,,,,
organizer,3,C003,NOT_RUN,,,,,,,,,,
organizer,3,C004,NOT_RUN,,,,,,,,,,
organizer,3,C005,NOT_RUN,,,,,,,,,,
organizer,3,C006,NOT_RUN,,,,,,,,,,
organizer,3,C007,NOT_RUN,,,,,,,,,,
organizer,3,C008,NOT_RUN,,,,,,,,,,
organizer,3,C009,NOT_RUN,,,,,,,,,,
organizer,3,C010,NOT_RUN,,,,,,,,,,
organizer,3,C011,NOT_RUN,,,,,,,,,,
organizer,3,C012,NOT_RUN,,,,,,,,,,
organizer,3,C013,NOT_RUN,,,,,,,,,,
organizer,3,C014,NOT_RUN,,,,,,,,,,
organizer,3,C015,NOT_RUN,,,,,,,,,,
organizer,3,C016,NOT_RUN,,,,,,,,,,
organizer,3,C017,NOT_RUN,,,,,,,,,,
organizer,3,C018,NOT_RUN,,,,,,,,,,
organizer,3,C019,NOT_RUN,,,,,,,,,,
organizer,3,C020,NOT_RUN,,,,,,,,,,
organizer,3,C021,NOT_RUN,,,,,,,,,,
organizer,3,C022,NOT_RUN,,,,,,,,,,
organizer,3,C023,NOT_RUN,,,,,,,,,,
organizer,3,C024,NOT_RUN,,,,,,,,,,
organizer,3,C025,NOT_RUN,,,,,,,,,,
organizer,3,C026,NOT_RUN,,,,,,,,,,
organizer,3,C027,NOT_RUN,,,,,,,,,,
organizer,3,C028,NOT_RUN,,,,,,,,,,
organizer,3,C029,NOT_RUN,,,,,,,,,,
organizer,3,C030,NOT_RUN,,,,,,,,,,
organizer,3,C031,NOT_RUN,,,,,,,,,,
organizer,3,C032,NOT_RUN,,,,,,,,,,
organizer,3,C033,NOT_RUN,,,,,,,,,,
organizer,3,C034,NOT_RUN,,,,,,,,,,
organizer,3,C035,NOT_RUN,,,,,,,,,,
organizer,3,C036,NOT_RUN,,,,,,,,,,
organizer,3,C037,NOT_RUN,,,,,,,,,,
organizer,3,C038,NOT_RUN,,,,,,,,,,
organizer,3,C039,NOT_RUN,,,,,,,,,,
organizer,3,C040,NOT_RUN,,,,,,,,,,
organizer,3,C041,NOT_RUN,,,,,,,,,,
organizer,3,C042,NOT_RUN,,,,,,,,,,
organizer,3,C043,NOT_RUN,,,,,,,,,,
organizer,3,C044,NOT_RUN,,,,,,,,,,
organizer,3,C045,NOT_RUN,,,,,,,,,,
organizer,3,C046,NOT_RUN,,,,,,,,,,
organizer,3,C047,NOT_RUN,,,,,,,,,,
organizer,3,C048,NOT_RUN,,,,,,,,,,
organizer,3,C049,NOT_RUN,,,,,,,,,,
organizer,3,C050,NOT_RUN,,,,,,,,,,
organizer,3,C051,NOT_RUN,,,,,,,,,,
organizer,3,C052,NOT_RUN,,,,,,,,,,
organizer,3,C053,NOT_RUN,,,,,,,,,,
organizer,3,C054,NOT_RUN,,,,,,,,,,
organizer,3,C055,NOT_RUN,,,,,,,,,,
organizer,3,C056,NOT_RUN,,,,,,,,,,
organizer,3,C057,NOT_RUN,,,,,,,,,,
organizer,3,C058,NOT_RUN,,,,,,,,,,
organizer,3,C059,NOT_RUN,,,,,,,,,,
organizer,3,C060,NOT_RUN,,,,,,,,,,
organizer,3,C061,NOT_RUN,,,,,,,,,,
organizer,3,C062,NOT_RUN,,,,,,,,,,
organizer,3,C063,NOT_RUN,,,,,,,,,,
organizer,3,C064,NOT_RUN,,,,,,,,,,
organizer,3,C065,NOT_RUN,,,,,,,,,,
organizer,3,C066,NOT_RUN,,,,,,,,,,
organizer,3,C067,NOT_RUN,,,,,,,,,,
organizer,3,C068,NOT_RUN,,,,,,,,,,
organizer,3,C069,NOT_RUN,,,,,,,,,,
organizer,3,C070,NOT_RUN,,,,,,,,,,
organizer,3,C071,NOT_RUN,,,,,,,,,,
organizer,3,C072,NOT_RUN,,,,,,,,,,
organizer,3,C073,NOT_RUN,,,,,,,,,,
organizer,3,C074,NOT_RUN,,,,,,,,,,
organizer,3,C075,NOT_RUN,,,,,,,,,,
organizer,3,C076,NOT_RUN,,,,,,,,,,
organizer,3,C077,NOT_RUN,,,,,,,,,,
organizer,3,C078,NOT_RUN,,,,,,,,,,
organizer,3,C079,NOT_RUN,,,,,,,,,,
organizer,3,C080,NOT_RUN,,,,,,,,,,
organizer,3,C081,NOT_RUN,,,,,,,,,,
organizer,3,C082,NOT_RUN,,,,,,,,,,
organizer,3,C083,NOT_RUN,,,,,,,,,,
organizer,3,C084,NOT_RUN,,,,,,,,,,
organizer,3,C085,NOT_RUN,,,,,,,,,,
organizer,3,C086,NOT_RUN,,,,,,,,,,
organizer,3,C087,NOT_RUN,,,,,,,,,,
organizer,3,C088,NOT_RUN,,,,,,,,,,
organizer,3,C089,NOT_RUN,,,,,,,,,,
organizer,3,C090,NOT_RUN,,,,,,,,,,
organizer,3,C091,NOT_RUN,,,,,,,,,,
organizer,3,C092,NOT_RUN,,,,,,,,,,
organizer,3,C093,NOT_RUN,,,,,,,,,,
organizer,3,C094,NOT_RUN,,,,,,,,,,
organizer,3,C095,NOT_RUN,,,,,,,,,,
organizer,3,C096,NOT_RUN,,,,,,,,,,
organizer,3,C097,NOT_RUN,,,,,,,,,,
organizer,3,C098,NOT_RUN,,,,,,,,,,
organizer,3,C099,NOT_RUN,,,,,,,,,,
organizer,3,C100,NOT_RUN,,,,,,,,,,
