scenario,round,effort,writebackCorrect,uncertain,protectedDirectChanged,formatError,costUsd,generationCostUsd,elapsedMs,generationMs,providerLatencyMs,reasoningTokens,promptTokens,completionTokens,cacheReadTokens,cacheWriteTokens,finish
S01,1,baseline,true,false,false,false,0.000143975,0.000143975,,3640,2139,49,1830,102,1180,647,stop
S01,1,low,true,false,false,false,0.000132975,0.000132975,1532.8506249999991,1248,1234,27,1830,80,1180,647,stop
S01,1,medium,true,false,false,false,0.000143475,0.000143475,5681.874582999997,5386,4202,47,1830,101,1180,647,stop
S01,1,high,true,false,false,false,0.000164475,0.000164475,2189.6214590000454,1913,1866,90,1830,143,1180,647,stop
S01,2,baseline,true,false,false,false,0.000147225,0.000147225,,2348,1857,67,1912,88,1180,729,stop
S01,2,low,true,false,false,false,0.000129225,0.000129225,2930.46987500001,2656,2186,31,1912,52,1180,729,stop
S01,2,medium,true,false,false,false,0.000152225,0.000152225,5938.988207999995,5659,5186,77,1912,98,1180,729,stop
S01,2,high,true,false,false,false,0.000190225,0.000190225,2420.2677919999696,2146,2146,153,1912,174,1180,729,stop
S01,3,baseline,true,false,false,false,0.0001601,0.0001601,,2943,2180,58,1903,116,1180,720,stop
S01,3,low,true,false,false,false,0.0001581,0.0001581,2774.432084,2502,1894,56,1903,112,1180,720,stop
S01,3,medium,true,false,false,false,0.0001556,0.0001556,3783.4314169999852,3499,2668,51,1903,107,1180,720,stop
S01,3,high,true,false,false,false,0.0001611,0.0001611,2620.0135419999715,2351,1862,60,1903,118,1180,720,stop
S02,1,baseline,true,false,false,false,0.000152225,0.000152225,,2382,2015,55,1868,109,1180,685,stop
S02,1,low,true,false,false,false,0.000140225,0.000140225,1665.6023340000102,1358,1308,30,1868,85,1180,685,stop
S02,1,medium,true,false,false,false,0.000154225,0.000154225,3131.943790999998,2760,2297,57,1868,113,1180,685,stop
S02,1,high,true,false,false,false,0.000154225,0.000154225,2760.700415999978,2417,1923,58,1868,113,1180,685,stop
S02,2,baseline,true,false,false,false,0.00015135,0.00015135,,1981,1981,75,1921,94,1180,738,stop
S02,2,low,true,false,false,false,0.00013085,0.00013085,3159.2245419999963,2894,2248,34,1921,53,1180,738,stop
S02,2,medium,true,false,false,false,0.00013585,0.00013585,2063.3272920000018,1792,1792,44,1921,63,1180,738,stop
S02,2,high,true,false,false,false,0.00013335,0.00013335,1813.3502500000177,1531,1531,39,1921,58,1180,738,stop
S02,3,baseline,true,false,false,false,0.0001171,0.0001171,,1101,1101,22,1847,44,1180,664,stop
S02,3,low,true,false,false,false,0.0001116,0.0001116,1318.3730000000069,1045,1045,11,1847,33,1180,664,stop
S02,3,medium,true,false,false,false,0.0001196,0.0001196,1580.6640420000185,1300,1300,27,1847,49,1180,664,stop
S02,3,high,true,false,false,false,0.0001146,0.0001146,2317.1531249999534,2039,1721,17,1847,39,1180,664,stop
S03,1,baseline,true,false,false,false,0.0001831,0.0001831,,3019,1948,118,1859,173,1180,676,stop
S03,1,low,true,false,false,false,0.0001771,0.0001771,2593.9372079999994,2329,2280,106,1859,161,1180,676,stop
S03,1,medium,true,false,false,false,0.0001916,0.0001916,3033.0829999999987,2757,2717,135,1859,190,1180,676,stop
S03,1,high,true,false,false,false,0.0002036,0.0002036,3146.6332499999844,2871,2832,159,1859,214,1180,676,stop
S03,2,baseline,true,false,false,false,0.000151725,0.000151725,,1973,1954,42,1908,98,1180,725,stop
S03,2,low,true,false,false,false,0.000152225,0.000152225,2781.413375,2477,1954,42,1908,99,1180,725,stop
S03,2,medium,true,false,false,false,0.000157725,0.000157725,2272.004291999998,1988,1970,54,1908,110,1180,725,stop
S03,2,high,true,false,false,false,0.000164725,0.000164725,3767.1848330000066,3478,3454,68,1908,124,1180,725,stop
S03,3,baseline,true,false,false,false,0.0001736,0.0001736,,2869,2061,67,1975,125,1180,792,stop
S03,3,low,true,false,false,false,0.0001891,0.0001891,4104.437957999999,3826,2737,94,1975,156,1180,792,stop
S03,3,medium,true,false,false,false,0.0002486,0.0002486,4283.527040999994,4006,3968,213,1975,275,1180,792,stop
S03,3,high,true,false,false,false,0.0002981,0.0002981,8016.084625000018,7728,3521,313,1975,374,1180,792,stop
S04,1,baseline,true,false,false,false,0.0001601,0.0001601,,2751,2057,58,1887,120,1180,704,stop
S04,1,low,true,false,false,false,0.0001531,0.0001531,2440.559874999999,2158,1723,44,1887,106,1180,704,stop
S04,1,medium,true,false,false,false,0.0001571,0.0001571,2093.482624999975,1811,1778,52,1887,114,1180,704,stop
S04,1,high,true,false,false,false,0.0001666,0.0001666,2983.7819579999777,2693,1968,72,1887,133,1180,704,stop
S04,2,baseline,true,false,false,false,0.00020035,0.00020035,,2455,2279,120,1925,191,1180,742,stop
S04,2,low,true,false,false,false,0.00015335,0.00015335,2848.544541999996,2574,1102,26,1925,97,1180,742,stop
S04,2,medium,true,false,false,false,0.00016435,0.00016435,3178.521334000019,2900,2124,48,1925,119,1180,742,stop
S04,2,high,true,false,false,false,0.00018385,0.00018385,5330.856083000021,4778,4733,87,1925,158,1180,742,stop
S04,3,baseline,true,false,false,false,0.00027735,0.00027735,,7338,4213,322,1941,341,1180,758,stop
S04,3,low,true,false,false,false,0.00017435,0.00017435,2196.3702090000006,1904,1903,116,1941,135,1180,758,stop
S04,3,medium,true,false,false,false,0.00025885,0.00025885,3921.847582999995,3629,3448,226,1941,304,1180,758,stop
S04,3,high,true,false,false,false,0.00025185,0.00025185,3269.9022920000134,2991,2950,216,1941,290,1180,758,stop
S05,1,baseline,false,false,false,false,0.000230725,0.000230725,,3541,3541,242,1888,261,1180,705,stop
S05,1,low,false,false,false,false,0.000259225,0.000259225,4334.254332999997,4061,4061,299,1888,318,1180,705,stop
S05,1,medium,true,false,false,false,0.000294725,0.000294725,6527.0995840000105,6259,6212,330,1888,389,1180,705,stop
S05,1,high,false,false,false,false,0.000385225,0.000385225,8526.139790999994,8247,7714,551,1888,570,1180,705,stop
S05,2,baseline,true,false,false,false,0.00034485,0.00034485,,5136,5136,447,1981,466,1180,798,stop
S05,2,low,true,false,false,false,0.00025935,0.00025935,3335.2033329999977,3056,3033,276,1981,295,1180,798,stop
S05,2,medium,true,false,false,false,0.00060335,0.00060335,13673.821083000017,13394,13369,964,1981,983,1180,798,stop
S05,2,high,false,false,false,false,0.00069085,0.00069085,12685.980875000008,12423,11484,1088,1981,1158,1180,798,stop
S05,3,baseline,true,false,false,false,0.000297225,0.000297225,,4904,4395,300,2016,362,1180,833,stop
S05,3,low,true,false,false,false,0.000252725,0.000252725,3931.7482909999962,3628,3628,254,2016,273,1180,833,stop
S05,3,medium,true,false,false,false,0.000548225,0.000548225,11368.477667,11112,10971,798,2016,864,1180,833,stop
S05,3,high,true,false,false,false,0.001113225,0.001113225,19122.483583000023,18619,18496,1924,2016,1994,1180,833,stop
S06,1,baseline,true,false,false,false,0.0001811,0.0001811,,2961,2236,87,1843,173,1180,660,stop
S06,1,low,true,false,false,false,0.0001676,0.0001676,3145.069082999995,2865,2229,56,1843,146,1180,660,stop
S06,1,medium,true,false,false,false,0.0001706,0.0001706,3183.03695899999,2899,2396,66,1843,152,1180,660,stop
S06,1,high,true,false,false,false,0.0001796,0.0001796,2160.0280839999905,1890,1588,84,1843,170,1180,660,stop
S06,2,baseline,true,false,false,false,0.000401475,0.000401475,,6752,6706,545,1894,601,1180,711,stop
S06,2,low,true,false,false,false,0.000209975,0.000209975,3143.6487079999933,2861,2821,164,1894,218,1180,711,stop
S06,2,medium,true,false,false,false,0.000274475,0.000274475,5411.630707999982,5140,5109,293,1894,347,1180,711,stop
S06,2,high,true,false,false,false,0.000426475,0.000426475,6965.291666999983,6688,6618,597,1894,651,1180,711,stop
S06,3,baseline,true,false,false,false,0.00020635,0.00020635,,5871,5812,150,1901,209,1180,718,stop
S06,3,low,true,false,false,false,0.00018435,0.00018435,2480.776666000005,2199,2179,106,1901,165,1180,718,stop
S06,3,medium,true,false,false,false,0.00017885,0.00017885,2937.102708999999,2641,2623,95,1901,154,1180,718,stop
S06,3,high,true,false,false,false,0.00024685,0.00024685,3887.437916999974,3624,3573,229,1901,290,1180,718,stop
S07,1,baseline,true,false,false,false,0.00015285,0.00015285,,2577,2101,50,1889,105,1180,706,stop
S07,1,low,true,false,false,false,0.00015035,0.00015035,1858.3242499999978,1558,1516,46,1889,100,1180,706,stop
S07,1,medium,true,false,false,false,0.00015335,0.00015335,3083.764582999982,2806,2719,54,1889,106,1180,706,stop
S07,1,high,true,false,false,false,0.00015985,0.00015985,3024.994584000029,2650,2082,65,1889,119,1180,706,stop
S07,2,baseline,true,false,false,false,0.000340725,0.000340725,,5276,5151,422,1860,488,1180,677,stop
S07,2,low,false,true,false,false,0.000230225,0.000230225,3321.4745840000032,3014,2978,200,1860,267,1180,677,stop
S07,2,medium,false,true,false,false,0.000211725,0.000211725,4293.1314589999965,4025,3809,166,1860,230,1180,677,stop
S07,2,high,false,true,false,false,0.000376725,0.000376725,6532.059667000023,6250,6237,496,1860,560,1180,677,stop
S07,3,baseline,false,false,false,false,0.000309725,0.000309725,,5287,5237,351,1892,418,1180,709,stop
S07,3,low,false,true,false,false,0.000285225,0.000285225,4406.509459000001,3975,3773,302,1892,369,1180,709,stop
S07,3,medium,false,true,false,false,0.000296225,0.000296225,5454.894708000007,5177,5122,327,1892,391,1180,709,stop
S07,3,high,false,true,false,false,0.000471225,0.000471225,8384.842042000033,8130,7777,674,1892,741,1180,709,stop
S08,1,baseline,false,false,false,false,0.000146475,0.000146475,,1785,1749,35,1866,98,1180,683,stop
S08,1,low,false,false,false,false,0.000142975,0.000142975,1559.7643750000007,1273,1166,27,1866,91,1180,683,stop
S08,1,medium,false,false,false,false,0.000209975,0.000209975,3883.764292000007,3624,3572,162,1866,225,1180,683,stop
S08,1,high,false,false,false,false,0.000180475,0.000180475,2574.5746250000084,2271,2220,103,1866,166,1180,683,stop
S08,2,baseline,true,false,false,false,0.0002906,0.0002906,,4443,4406,306,1923,372,1180,740,stop
S08,2,low,true,false,false,false,0.0001971,0.0001971,2681.1769589999985,2393,2351,119,1923,185,1180,740,stop
S08,2,medium,true,false,false,false,0.0003051,0.0003051,6781.4415420000005,6500,3650,335,1923,401,1180,740,stop
S08,2,high,true,false,false,false,0.0002191,0.0002191,3270.650499999989,2978,2937,163,1923,229,1180,740,stop
S08,3,baseline,false,false,false,false,0.000197475,0.000197475,,2793,2793,161,1946,180,1180,763,stop
S08,3,low,false,false,false,false,0.000242975,0.000242975,3396.474958999999,3105,3039,193,1946,271,1180,763,stop
S08,3,medium,false,false,false,false,0.000218975,0.000218975,3674.6634170000034,3411,3411,204,1946,223,1180,763,stop
S08,3,high,false,false,false,false,0.000273475,0.000273475,5499.325582999998,5234,5234,313,1946,332,1180,763,stop
S09,1,baseline,false,true,false,false,0.00025785,0.00025785,,3382,3125,223,1861,322,1180,678,stop
S09,1,low,false,false,false,false,0.00022385,0.00022385,3154.1494170000005,2865,2638,169,1861,254,1180,678,stop
S09,1,medium,false,false,false,false,0.00045385,0.00045385,10145.179499999998,9822,9435,614,1861,714,1180,678,stop
S09,1,high,true,false,false,false,0.00042835,0.00042835,8228.15854199999,7946,7720,572,1861,663,1180,678,stop
S09,2,baseline,true,false,false,false,0.000149725,0.000149725,,3243,2620,50,1848,109,1180,665,stop
S09,2,low,true,false,false,false,0.000146725,0.000146725,2359.410917000001,2075,1653,43,1848,103,1180,665,stop
S09,2,medium,true,false,false,false,0.000172225,0.000172225,3835.43637499999,3551,3540,95,1848,154,1180,665,stop
S09,2,high,true,false,false,false,0.000233725,0.000233725,3624.0760419999715,3319,3308,217,1848,277,1180,665,stop
S09,3,baseline,true,false,false,false,0.00024535,0.00024535,,4621,3961,220,1909,285,1180,726,stop
S09,3,low,false,true,false,false,0.00017985,0.00017985,2321.155416999998,2056,2056,133,1909,154,1180,726,stop
S09,3,medium,false,true,false,false,0.00020235,0.00020235,3747.3157919999794,3477,3441,137,1909,199,1180,726,stop
S09,3,high,false,true,false,false,0.00022635,0.00022635,4846.629874999984,4565,3203,226,1909,247,1180,726,stop
S10,1,baseline,true,false,false,false,0.000334425,0.000334425,,2814,2251,69,1900,194,0,1897,stop
S10,1,low,true,false,false,false,0.000318425,0.000318425,2029.5119999999997,1595,1237,42,1900,162,0,1897,stop
S10,1,medium,true,false,false,false,0.000339425,0.000339425,3077.0587090000045,2806,2314,80,1900,204,0,1897,stop
S10,1,high,true,false,false,false,0.000342425,0.000342425,3481.753417,3207,2542,90,1900,210,0,1897,stop
S10,2,baseline,true,false,false,false,0.00024485,0.00024485,,5920,5777,164,1961,271,1180,778,stop
S10,2,low,true,false,false,false,0.00020435,0.00020435,2357.43625,2075,2042,130,1961,190,1180,778,stop
S10,2,medium,true,false,false,false,0.00019785,0.00019785,3431.2680839999957,3139,2519,81,1961,177,1180,778,stop
S10,2,high,true,false,false,false,0.00033735,0.00033735,4969.010042000009,4684,4460,348,1961,456,1180,778,stop
S10,3,baseline,true,false,false,false,0.000202225,0.000202225,,2120,2103,123,1976,182,1180,793,stop
S10,3,low,true,false,false,false,0.000178225,0.000178225,2552.4952920000005,2261,1689,74,1976,134,1180,793,stop
S10,3,medium,true,false,false,false,0.000210225,0.000210225,3444.876749999996,3157,2986,139,1976,198,1180,793,stop
S10,3,high,true,false,false,false,0.000230225,0.000230225,4307.047457999986,4029,3436,177,1976,238,1180,793,stop
