role,amount_order_only,dry_request_bytes,dry_reserve_usd
mentor,1,32123,0.182707500
mentor,2,32144,0.182760000
mentor,3,32172,0.182830000
mentor,4,32178,0.182845000
mentor,5,32192,0.182880000
mentor,6,32199,0.182897500
mentor,7,32230,0.182975000
mentor,8,32253,0.183032500
mentor,9,32276,0.183090000
mentor,10,32291,0.183127500
mentor,11,32300,0.183150000
mentor,12,32373,0.183332500
mentor,13,32652,0.184030000
mentor,14,32702,0.184155000
mentor,15,32708,0.184170000
mentor,16,32708,0.184170000
mentor,17,32717,0.184192500
mentor,18,32723,0.184207500
mentor,19,32726,0.184215000
mentor,20,32729,0.184222500
mentor,21,32732,0.184230000
mentor,22,32738,0.184245000
mentor,23,32753,0.184282500
mentor,24,32866,0.184565000
mentor,25,32961,0.184802500
mentor,26,32982,0.184855000
mentor,27,32984,0.184860000
mentor,28,32986,0.184865000
mentor,29,32990,0.184875000
mentor,30,32992,0.184880000
mentor,31,33005,0.184912500
mentor,32,33014,0.184935000
mentor,33,33034,0.184985000
mentor,34,33041,0.185002500
mentor,35,33061,0.185052500
mentor,36,33145,0.185262500
mentor,37,33865,0.187062500
mentor,38,34414,0.188435000
mentor,39,34665,0.189062500
mentor,40,34711,0.189177500
mentor,41,34712,0.189180000
mentor,42,35186,0.190365000
mentor,43,35422,0.190955000
mentor,44,35461,0.191052500
mentor,45,35535,0.191237500
mentor,46,35560,0.191300000
mentor,47,35596,0.191390000
mentor,48,35640,0.191500000
mentor,49,35664,0.191560000
mentor,50,35694,0.191635000
mentor,51,36351,0.193277500
mentor,52,36429,0.193472500
mentor,53,36459,0.193547500
mentor,54,36516,0.193690000
mentor,55,36543,0.193757500
mentor,56,36626,0.193965000
mentor,57,36689,0.194122500
mentor,58,36775,0.194337500
mentor,59,36786,0.194365000
mentor,60,38638,0.198995000
mentor,61,39758,0.201795000
mentor,62,39850,0.202025000
mentor,63,39877,0.202092500
mentor,64,40210,0.202925000
mentor,65,40216,0.202940000
mentor,66,40263,0.203057500
mentor,67,40388,0.203370000
mentor,68,40457,0.203542500
mentor,69,40549,0.203772500
mentor,70,42363,0.208307500
organizer,1,8874,0.005802500
organizer,2,8880,0.005804000
organizer,3,8880,0.005804000
organizer,4,8889,0.005806250
organizer,5,8895,0.005807750
organizer,6,8898,0.005808500
organizer,7,8901,0.005809250
organizer,8,8904,0.005810000
organizer,9,8907,0.005810750
organizer,10,8910,0.005811500
organizer,11,8910,0.005811500
organizer,12,8916,0.005813000
organizer,13,8948,0.005821000
organizer,14,8954,0.005822500
organizer,15,8957,0.005823250
organizer,16,8966,0.005825500
organizer,17,8975,0.005827750
organizer,18,8977,0.005828250
organizer,19,8984,0.005830000
organizer,20,8985,0.005830250
organizer,21,8986,0.005830500
organizer,22,8987,0.005830750
organizer,23,8990,0.005831500
organizer,24,8997,0.005833250
organizer,25,8999,0.005833750
organizer,26,9007,0.005835750
organizer,27,9014,0.005837500
organizer,28,9018,0.005838500
organizer,29,9024,0.005840000
organizer,30,9040,0.005844000
